serial_number,device_model,customer_name,a4_mono,a4_colour,a3_mono,a3_colour,scans,reading_date
RME33499,imageRUNNER C1325iF,ADV MONYELA STEPHEN PTY LTD,54111,33301,0,0,2,2026-02-04
3VR34253,i-SENSYS X C1333iF,ADVENT TRAVEL CONSULTANTS PTY LTD,0,0,0,0,0,2026-10-01
2YM38258,iR-ADV DX C5840i,AFRICAN SPIRITS 786 CC,42779,34576,0,0,2,2026-10-01
4MB42895,iR-ADV DX C3930i,AFRICAN SPIRITS 786 CC,27070,22457,0,0,2,2026-10-01
3VR58147,i-SENSYS X C1333iF,ALUTOP GLASS AND ALUMINIUM PTY LTD,604,91,0,0,0,2026-08-12
CZBBQB20D5,MF9220Cdn,AM MAKWALA ACCOUNTANTS,0,0,0,0,0,2026-10-01
CZBBT25057,DUMMY DEVICE FOR C-EXV 10,AM MAKWALA ACCOUNTANTS,0,0,0,0,0,2026-10-01
2TT05706,iR 1643iF,ANGASI FARMS PTY LTD,134703,0,0,0,0,2026-09-03
3V547105,i-SENSYS X C1333i,ANTHONIAS CONSTRUCTION,0,0,0,0,0,2026-10-01
4UX42288,i-SENSYS X 1440i,APEX PERFORMANCE CLUTCH AND BRAKE PTY LTD,4134,0,0,0,0,2026-10-01
3EB03080,iR C1538iF,ARCTIC FOX SECURITY PTY LTD,90701,66029,0,0,16,2026-10-01
CNB1Q5K3BY,DUMMY DEVICE FOR C-EXV 10,B H LESEBE ATTORNEYS PTY LTD,0,0,0,0,0,2026-10-01
4MM42572,iR-ADV DX C3926i,BAROKA VILLAGE PTY LTD,5104,13153,0,0,1,2026-10-01
CZBBQ8P1SJ,DUMMY DEVICE FOR C-EXV 10,BAROLONG & MABUTANE DYNAMIC TOMBSTONE,0,0,0,0,0,2026-10-01
2YA25677,iR-ADV DX C5850i,BASIC BLUE TRADING,12554,61184,0,0,2,2026-10-01
4GV00795,iR-ADV DX 619i,BASIC BLUE TRADING,154000,0,0,0,5,2026-10-01
4MM42573,iR-ADV DX C3926i,BATHOKWA MM CONSULTING PTY LTD,13834,5855,0,0,1,2026-10-01
23A07875,iR-ADV DX 527i,BENNY SELOKELA MASHOLA,1003876,0,0,0,36,2026-10-01
4MB00783,iR-ADV DX C3930i,BLUEDOT G SERVICES,82359,91041,0,0,6,2026-10-01
2TT23130,iR 1643iF,BREED LOVE PRE SCHOOL AND DAY CARE,0,0,0,0,0,2026-10-01
2TU12979,iR 1643i,BUILD IT BOCHUM,443047,0,0,0,0,2026-05-13
2TT23135,iR 1643i,BUILD IT DZANANI,130405,0,0,0,0,2026-10-01
2TU12986,iR 1643i,BUILD IT LOUIS TRICHARDT,350194,0,0,0,0,2026-10-01
2TU12983,iR 1643i,BUILD IT MAMAILA,285963,0,0,0,0,2026-10-01
2TT23143,iR 1643i,BUILD IT MATOKS,56944,0,0,0,0,2026-10-01
2TU12985,iR 1643i,BUILD IT SESHEGO,451391,0,0,0,0,2026-10-01
2TT23144,iR 1643i,BUILD IT TSHILAMBA,130246,0,0,0,0,2026-05-19
2TT23154,iR 1643i,BUILD IT TSHILAMBA,122880,0,0,0,0,2026-06-09
CZBBT1G0JV,DUMMY DEVICE FOR C-EXV 10,CAPOTEX TRADING ENTERPRISE CC,0,0,0,0,0,2026-10-01
2TT23138,iR 1643iF,CAPRICOM WIRELESS,293176,0,0,0,0,2026-07-17
CNBBS3B08T,DUMMY DEVICE FOR C-EXV 10,CAPRICOM WIRELESS,0,0,0,0,0,2026-10-01
23R00692,iR-ADV DX 717i,CAPRICOM WIRELESS,245464,0,0,0,7,2026-10-01
4TG00873,iR-ADV DX 4925i,CAPRICORN VETERINARY LABORATORIES CC,54948,4,0,0,2,2026-10-01
4QC06300,iR 2930i,CAVIN MNISI ATTORNEYS INC,124792,16,0,0,4,2026-10-01
2TT24267,iR 1643iF,CHABALALA ATTORNEYS,156128,0,0,0,0,2026-10-01
2WG00546,iR-ADV 615i III,CHARL NAUDE ATTORNEYS,302927,0,0,0,9,2026-10-01
4HX41322,iR-ADV DX C259i,CHEMICAL CLEANING SUPPLIES PTY LTD,13584,4448,0,0,1,2026-10-01
4MM08191,iR-ADV DX C3926i,CHRIST THE KING ACADEMY,240563,86548,0,0,7,2026-08-18
3VS83651,i-SENSYS X C1333i,Class A Trading 513 (Pty) Ltd t/a Total Fauna Park,1924,46,0,0,0,2026-10-01
35D09395,iR 1643iF II,CRJ ACCOUNTANTS,0,0,0,0,0,2026-10-01
5BP04169,imageFORCE 1440,DADAS WORLD OF HARDWARE,12453,0,0,0,0,2026-10-01
34X17330,iR 1643i II,DADAS WORLD OF HARDWARE,19325,0,0,0,0,2025-01-23
4UX42290,i-SENSYS X 1440i,DADAS WORLD OF HARDWARE,7645,0,0,0,0,2026-10-01
4MB42635,iR-ADV DX C3930i,DADAS WORLD OF HARDWARE,6616,1339,0,0,1,2026-10-01
2TT15644,iR 1643iF,DADAS WORLD OF HARDWARE,16497,0,0,0,0,2026-10-01
4UX42282,i-SENSYS X 1440i,DADAS WORLD OF HARDWARE,15449,0,0,0,0,2026-10-01
23A06699,iR-ADV DX 527i,DADAS WORLD OF HARDWARE,593734,0,0,0,18,2026-07-30
2TT15657,iR 1643iF,DADAS WORLD OF HARDWARE,47721,0,0,0,0,2026-10-01
E84338C5N439271,DUMMY DEVICE FOR C-EXV 10,DADAS WORLD OF HARDWARE,0,0,0,0,0,2026-10-01
23A06711,iR-ADV DX 527i,DADAS WORLD OF HARDWARE,414084,0,0,0,14,2026-07-30
23A06632,iR-ADV DX 527i,DADAS WORLD OF HARDWARE,322775,0,0,0,7,2026-07-30
35D23533,iR 1643iF II,DAZZLE BIZ TRADING PTY LTD,71448,0,0,0,0,2026-10-01
CNCRPD61VH,DUMMY DEVICE FOR C-EXV 10,DO MEDIA CREATIONS,0,0,0,0,0,2026-10-01
ZECHBJEK400003J,DUMMY DEVICE FOR C-EXV 10,DR GAIGHER&BADENHORST,0,0,0,0,0,2026-10-01
4MB42889,iR-ADV DX C3930i,EKEBERGIA PTY LTD/ CITY CENTRE SUPER SPAR,9516,17445,0,0,1,2026-10-01
34X46874,iR 1643i II,EKEBERGIA PTY LTD/ CITY CENTRE SUPER SPAR,37254,0,0,0,0,2026-10-01
34X46872,iR 1643i II,EKEBERGIA PTY LTD/ CITY CENTRE SUPER SPAR,10204,0,0,0,0,2026-10-01
4MB23459,iR-ADV DX C3930i,ELTASHA GUEST HOUSE PTY LTD,2874,1873,0,0,1,2026-10-01
07SXB1AGA00001T,DUMMY DEVICE FOR C-EXV 10,ERGOFLEX 455 C C,0,0,0,0,0,2026-10-01
2GE10907,iR-ADV C3525i III,F MORATHI CHARTERED ACCOUNTANTS,180219,152301,5,4,7,2026-10-01
JPBBQB3018,DUMMY DEVICE FOR C-EXV 10,Forklif & Industrial Machine Rrepair,0,0,0,0,0,2026-10-01
CZBBT390PJ,DUMMY DEVICE FOR C-EXV 10,GOOD CHOICE SCHOOL OF MORALITY PTY LTD,0,0,0,0,0,2026-10-01
34X17375,iR 1643i II,GREYS ENDONI,8285,0,0,0,0,2026-10-01
35D30077,iR 1643iF II,GROBLERS MOTOR MECCA (PTY)LTD,9462,0,0,0,0,2026-10-01
2GE14953,iR-ADV C3525i III,HILLARY CONSTRUCTION PTY LTD,0,0,0,0,0,2026-10-01
YEJ06526,iR C3125i,HLAKANANG PRIMARY SCHOOL,88327,78185,0,4,13,2026-10-01
35D09404,iR 1643iF II,HLWEKISHANG WASTE REMOVAL AND PROJECTS,34107,0,0,0,0,2026-10-01
35D28100,iR 1643iF II,HNE HYDRAULICS ENGINEERING,15,0,0,0,0,2026-09-03
35D30074,iR 1643iF II,HNE HYDRAULICS ENGINEERING,70,0,0,0,0,2026-09-25
2TT24337,iR 1643iF,HONG SHAN METAL PTY LTD,92030,0,0,0,0,2026-10-01
4UX04522,i-SENSYS X 1440i,HOPEWELL MED INC,29011,0,0,0,0,2026-10-01
SCPLP10328,DUMMY DEVICE FOR C-EXV 10,HRRM GENERAL SUPPLY CC,0,0,0,0,0,2026-10-01
3VR44776,i-SENSYS X C1333iF,HS ALUMINUM LOUIS TRICHARDT,12286,1807,0,0,0,2026-10-01
OACSBJEJ70002VX,DUMMY DEVICE FOR C-EXV 10,ISMAILESSOP BHORAT,0,0,0,0,0,2026-10-01
4MM00951,iR-ADV DX C3926i,JAN LOUIS BOERDERY MR222 (PTY)LTD,4123,7074,0,0,1,2026-10-01
CZRBTC90SD,DUMMY DEVICE FOR C-EXV 10,KARABO WILLIAM LEDWABA ATT,0,0,0,0,0,2026-10-01
2WP17848,iR-ADV 525i III,KATEKANI SECURITY SERVICES PTY LTD,306290,0,0,0,8,2026-10-01
4MM31584,iR-ADV DX C3926i,KATEKANI SECURITY SERVICES PTY LTD,14937,20092,0,0,1,2026-10-01
2ER20475,iR-ADV DX C257i,KATEKANI SECURITY SERVICES PTY LTD,118618,97826,42,43,4,2026-10-01
CNB1Q5V1YI,DUMMY DEVICE FOR C-EXV 10,KEM CONSTRUCTION,0,0,0,0,0,2026-10-01
4GV00812,iR-ADV DX 619i,KN MALEKA ATTORNEYS INC,299173,0,0,0,8,2026-10-01
CZRBS7115R,DUMMY DEVICE FOR C-EXV 10,KN MALEKA ATTORNEYS INC,0,0,0,0,0,2026-10-01
0ACSBJFK80005WR,DUMMY DEVICE FOR C-EXV 10,KWEST,0,0,0,0,0,2026-10-01
4MB10667,iR-ADV DX C3930i,LEKKAWAAN PTY LTD,8071,34405,0,0,4,2026-10-01
NPYA007447,LBP228x,LIG CONSULTING PTY LTD,1527,0,0,0,0,2026-09-30
4BU17244,iR-ADV DX C3830i,LIG CONSULTING PTY LTD,2063,10216,0,0,1,2026-09-29
4HX05227,iR-ADV DX C259i,LIMPOPO PROVINCE TAXI COMPANY,63426,65048,1,1,4,2026-10-01
SCNKL23849,DUMMY DEVICE FOR C-EXV 10,LITTLE KIDS KINGDOM,0,0,0,0,0,2026-10-01
4GK13744,iR-ADV DX 529i,LOUIS TRICHARDT ARDEIDSDIENSTE PTY LTD,119673,0,0,0,3,2026-10-01
2ER55181,iR-ADV DX C257i,LUFATINGE CONSTRUCTION,100586,11366,0,0,4,2026-10-01
CNCRQ8K23T,DUMMY DEVICE FOR C-EXV 10,LUFATINGE CONSTRUCTION,0,0,0,0,0,2026-10-01
34X17480,iR 1643i II,MACGYVER COMMERCIAL PTY LTD,111138,0,0,0,0,2026-10-01
2TT24340,iR 1643iF,MACGYVER COMMERCIAL PTY LTD,56491,0,0,0,0,2026-10-01
E82267E5N468017,DUMMY DEVICE FOR C-EXV 10,MADALA PHILLIP ATTORNEYS INC,0,0,0,0,0,2026-10-01
35D28091,iR 1643iF II,MADULA A LETILE TRADING,26882,0,0,0,0,2026-09-24
35D28256,iR 1643iF II,MADULA A LETILE TRADING,42191,0,0,0,0,2025-03-28
CZBBSD20WK,DUMMY DEVICE FOR C-EXV 10,MADULA A LETILE TRADING,0,0,0,0,0,2026-10-01
3VS83650,i-SENSYS X C1333i,MAGAGULA AND LEBEPE ATT,1956,1013,0,0,0,2026-10-01
4MM01124,iR-ADV DX C3926i,MAKOPPAS NEST RIVER LODGE,19147,13158,0,0,1,2026-10-01
2WP17561,iR-ADV 525i III,MAKWELA AND MABOTJA ATTORNEYS,88543,0,0,0,3,2026-10-01
2PX10015,iR-ADV C356i III,MAKWELA AND MABOTJA ATTORNEYS,135515,75974,17,18,6,2026-10-01
3VS55511,i-SENSYS X C1333i,MALAKHIYA PROPERTY DEVELOPERS PTY LTD,2712,3905,0,0,0,2026-09-22
4BU17196,iR-ADV DX C3830i,Maloka Machaba,81845,148278,0,0,6,2026-10-01
3VR19587,i-SENSYS X C1333iF,Maloka Machaba,3077,10688,0,0,0,2026-10-01
22F19113,iR-ADV DX C3720i,Maloka Machaba,240228,24294,0,0,11,2026-10-01
CZRBTC90SB,DUMMY DEVICE FOR C-EXV 10,MAMABOLO T/A KGOHLISHI ATTORNEYS,0,0,0,0,0,2026-10-01
CZBBT5N10H,DUMMY DEVICE FOR C-EXV 10,MAMAYYILA TRADING ENTERPRISE,0,0,0,0,0,2026-10-01
CZBBT5N0ZW,DUMMY DEVICE FOR C-EXV 10,MAMAYYILA TRADING ENTERPRISE,0,0,0,0,0,2026-10-01
NL98FGBF06,DUMMY DEVICE FOR C-EXV 10,MAMPHAGO TRADING PTY LTD,0,0,0,0,0,2026-10-01
E81419B5F158970,DUMMY DEVICE FOR C-EXV 10,MANKWENG FLEET MANAGEMENT PTY LTD,0,0,0,0,0,2026-10-01
CNBBR8G0QZ,DUMMY DEVICE FOR C-EXV 10,MANSAPHASE PTY LTD,0,0,0,0,0,2026-10-01
3VS47104,i-SENSYS X C1333i,MANSAPHASE PTY LTD,2373,2529,0,0,0,2026-09-29
4MM56088,iR-ADV DX C3926i,MANTOPITOPI FUNERALS,113,9006,0,0,1,2026-09-25
RME30777,imageRUNNER C1325iF,MAPHUNGUBYE TRAVELING AGENCY PTY LTD,71557,53989,0,1,4,2026-10-01
3GM10197,iR-ADV DX C3830i,MAPIMPANE DAYCARE,172210,20076,0,0,8,2026-10-01
4MM42584,iR-ADV DX C3926i,Marindi Funerals,5048,63669,1,0,3,2026-10-01
4MM43319,iR-ADV DX C3926i,Marindi Funerals,14065,28713,1,0,3,2026-09-30
35D13532,iR 1643iF II,MATHEBULA ARRORNEYS,26681,0,0,0,0,2026-09-28
2ER22397,iR-ADV DX C257i,MATHOSIM TRIMMING AND UPHOLSTERY CC,322528,105843,5,5,9,2025-10-26
CNC1Q2LO4R,DUMMY DEVICE FOR C-EXV 10,MAZIBUKU SECURITY AND PROJECTS CC,0,0,0,0,0,2026-10-01
CZBBQ800M4,DUMMY DEVICE FOR C-EXV 10,MAZIBUKU SECURITY AND PROJECTS CC,0,0,0,0,0,2026-10-01
34X17568,iR 1643i II,MB MABIDI ATTORNEYS INC,95045,0,0,0,0,2026-10-01
CNC1Q2L04R,DUMMY DEVICE FOR C-EXV 10,MDMAM TRADING CC,0,0,0,0,0,2026-10-01
RME32853,imageRUNNER C1325iF,MERIDA FINANCIAL SERVICES,97053,4732,0,0,3,2026-08-26
4JK20677,imageFORCE C5140,MERIDA FINANCIAL SERVICES,924,34,0,0,1,2026-10-01
YEJ06531,imageRUNNER C1325iF,MERIDA FINANCIAL SERVICES,104319,17577,0,0,8,2026-10-01
CZBBQ800M5,DUMMY DEVICE FOR C-EXV 10,MG FUNERAL SERVICES,0,0,0,0,0,2026-10-01
YEJ06536,iR C3125i,MHFIRIR BUSINESS ENTERPRISES CC,54983,12068,3,0,5,2024-12-18
CN1CAMYO8N,DUMMY DEVICE FOR C-EXV 10,MICHAEL RAPHELA,0,0,0,0,0,2026-10-01
23A06710,iR-ADV DX 527i,MIGHTY SCRAPYARD,149047,0,0,0,4,2026-10-01
2VF12774,iR2630i,MIGHTY TACTICAL REACTION PTY LTD,181171,30,0,0,5,2026-10-01
E82267M5N565324,DUMMY DEVICE FOR C-EXV 10,MOHUBA ATT,0,0,0,0,0,2026-10-01
CZRBQCF04W,DUMMY DEVICE FOR C-EXV 10,MOKGALABONE ATTORNEYS,0,0,0,0,0,2026-10-01
4MM21552,iR-ADV DX C3926i,MOLEFE MACHAKA ATTORNEYS,172422,65230,0,0,7,2026-10-01
4QC06321,iR 2930i,MOLESTSI COMMUNITY MEDIA,51139,62,0,0,2,2026-10-01
4MM01557,iR-ADV DX C3926i,MT RAMABALA ATTORNEYS,111582,110466,0,0,4,2026-10-01
4MM31311,iR-ADV DX C3926i,MUILA MINERALS PTY LTD,351,1245,0,0,1,2026-09-27
CZBBQ800MC,DUMMY DEVICE FOR C-EXV 10,MUILA MINERALS PTY LTD,0,0,0,0,0,2026-10-01
4MB42632,iR-ADV DX C3930i,Mums Bussiness Enterprise,5607,2400,0,0,1,2026-10-01
2TT12621,iR 1643iF,MURENDI MAKHUVA PROPERTIES AND BUILDING SUPPLIES,67530,0,0,0,0,2026-10-01
2TU08402,iR 1643i,MURENDI MAKULA PROPERTIES AND BUILDING SUPPLIES,65349,0,0,0,0,2026-10-01
2TT10869,iR 1643iF,MURENDI TSHIBEVHA PROPERTIES AND BUILDING SUPPLIES,0,0,0,0,0,2026-10-01
2TU08484,iR 1643i,MURENDI TSHILAMBA PROPERTIES AND BUILDING SUPPLIES,68389,0,0,0,0,2026-10-01
4UX04504,i-SENSYS X 1440i,MUZILITE PTY LTD,7145,0,0,0,0,2025-12-02
3GM10253,iR-ADV DX C3830i,N J MORERO INC,261307,72285,0,0,8,2026-10-01
34X47967,iR 1643i II,NADAT HOLDINGS PTY LTD,6373,0,0,0,0,2026-10-01
2WG00548,iR-ADV 615i III,NELIS BRITZ ATTORNEYS,378255,0,0,0,12,2026-10-01
CZRBR110CY,DUMMY DEVICE FOR C-EXV 10,NENGWEKHULU TSHIWANDALANI INC,0,0,0,0,0,2026-10-01
CZRBS71175,DUMMY DEVICE FOR C-EXV 10,NENGWEKHULU TSHIWANDALANI INC,0,0,0,0,0,2026-10-01
E82267B6N601271,DUMMY DEVICE FOR C-EXV 10,NEPHAWE SIGOGO ATTORNEYS,0,0,0,0,0,2026-10-01
34X48005,iR 1643i II,NHLAKE GWANGWA AND ASSOCIATES ATTORNEYS,5803,0,0,0,0,2026-10-01
35D28258,iR 1643iF II,NKARI SECURITY AND GENERAL PROJECTS,15276,0,0,0,0,2026-10-01
CNCRQCH91J,DUMMY DEVICE FOR C-EXV 10,NORTHERN STAR BOYS PRIM SCHOOL,0,0,0,0,0,2026-10-01
2UF12135,iR-ADV DX C357i,NPCC CLEANING CONTRACTORS,82434,102368,0,1,5,2026-10-01
CZBQ9DOP5,DUMMY DEVICE FOR C-EXV 10,NTSAKO MARTINS GENERAL TRADING PTY LTD,0,0,0,0,0,2026-10-01
CNB1P2P0NX,DUMMY DEVICE FOR C-EXV 10,NTSAKO MARTINS GENERAL TRADING PTY LTD,0,0,0,0,0,2026-10-01
CNB1P2P0N6,DUMMY DEVICE FOR C-EXV 10,NTSAKO MARTINS GENERAL TRADING PTY LTD,0,0,0,0,0,2026-10-01
2JQ05924,iR-ADV C5540i III,NTSHIZAS TECHNICAL SERVICES,362624,339485,65,66,8,2026-10-01
4MM41940,iR-ADV DX C3926i,OGOBET PRINTING AND SIGNAGE PTY LTD,11612,2377,0,0,1,2025-12-01
2YA36271,iR-ADV DX C5850i,P E MASHOLA AND CO (PTY) LTD,28435,23046,0,0,1,2026-10-01
2TT23126,iR 1643i,PALEDI HARDWARE,183136,0,0,0,0,2026-10-01
35D30064,iR 1643iF II,PALEDI HARDWARE,42154,0,0,0,0,2026-10-01
4UX06777,i-SENSYS X 1440i,PEST EX CONTROL,6458,0,0,0,0,2026-10-01
4BU03345,iR-ADV DX C3830i,PHETLAKGO CONSTRUCTION (pty)ltd,180666,130319,21,20,4,2026-08-27
4LQ00662,iR-ADV DX C3935i,PHETLAKGO CONSTRUCTION (pty)ltd,3008,2344,0,0,1,2026-10-01
4MB23523,iR-ADV DX C3930i,PHUMZILE MPHELO SERVICES,3486,4084,0,0,1,2026-10-01
4HX17211,iR-ADV DX C259i,PHUMZILE MPHELO SERVICES,954,4502,0,0,1,2026-07-27
4HX46491,iR-ADV DX C259i,PIETER HENDRIK HEYSTEK T/A DR HEYSTEK,834,2608,0,0,1,2026-09-08
2TU08400,iR 1643i,PIETER HENDRIK HEYSTEK T/A DR HEYSTEK,28190,0,0,0,0,2026-08-14
RME35501,imageRUNNER C1325iF,PITSI YA MABALA BUSSINESS PROJECTS,114220,125240,7,6,7,2026-10-01
3EB03087,iR C1538iF,PITSI YA MABALA BUSSINESS PROJECTS,56320,79276,1,1,12,2026-10-01
34X48028,iR 1643i II,POLOKWANE ROYAL,14182,0,0,0,0,2026-10-01
34X46869,iR 1643i II,POLOKWANE ROYAL,4812,0,0,0,0,2026-10-01
5JY00693,iR-ADV DX 4945i,POLOKWANE ROYAL,15520,4,0,0,1,2026-10-01
3DX02382,iR C1533iF,PREMJEE AND SONS,74170,22685,0,0,18,2026-10-01
2TT15911,iR 1643iF,PREMJEE AND SONS,53774,0,0,0,0,2026-10-01
3VS28676,i-SENSYS X C1333i,PRIME AFRIKA TRADING ENTERPRISE PTY LTD,551,6489,0,0,0,2026-10-01
4MB10653,iR-ADV DX C3930i,PRIME AFRIKA TRADING ENTERPRISE PTY LTD,60343,109575,0,0,4,2026-10-01
2TT24342,iR 1643iF,PRO LIMPOPO REKENMEESTERS,48187,0,0,0,0,2026-10-01
07Q8BJFH800012K,DUMMY DEVICE FOR C-EXV 10,PROSPERITAS WEALTH CONSULTANTS PTY LTD,0,0,0,0,0,2026-10-01
35D28098,iR 1643iF II,PROTECTOR LEGAL CONSULTANTS,37501,0,0,0,0,2026-10-01
4LQ00557,iR-ADV DX C3935i,PROTECTOR LEGAL CONSULTANTS(PC MOGALE),138407,5715,0,0,4,2026-10-01
NLPVP7XO8M,DUMMY DEVICE FOR C-EXV 10,PROTECTOR LEGAL CONSULTANTS(PC MOGALE),0,0,0,0,0,2026-10-01
YEJ06527,iR C3125i,QCOBS CC,186236,44443,0,11,10,2025-02-10
CZRBTC905N,DUMMY DEVICE FOR C-EXV 10,RAMUSI ATTORNEYS,0,0,0,0,0,2026-10-01
2TT23139,iR 1643iF,RATALE MASHIFANE INC,223647,0,0,0,0,2026-10-01
3DX02496,iR C1533iF,RATSOMA PROPERTY ADMINISTRATORS PTY LTD,97595,48232,0,0,14,2026-10-01
CZBBTCB12Z,DUMMY DEVICE FOR C-EXV 10,RENGWA & CAPOTEX JV ACCOUNT,0,0,0,0,0,2026-10-01
CZBBT5N108,DUMMY DEVICE FOR C-EXV 10,RENGWA & CAPOTEX JV ACCOUNT,0,0,0,0,0,2026-10-01
35D09392,iR 1643iF II,RICARDO GUTIERREZ HERNANDEZ,115643,0,0,0,0,2026-10-01
4MB00785,iR-ADV DX C3930i,RINAVHO FUNERALS SUPPLIES PTY LTD,100931,36985,0,0,6,2026-08-21
RME33287,imageRUNNER C1325iF,SASOL BENDOR P/B,30715,16126,0,0,2,2026-10-01
E82267A5N408495,DUMMY DEVICE FOR C-EXV 10,SEFUFULE PRIMARY,0,0,0,0,0,2026-10-01
23A14717,iR-ADV DX 527i,SEFUFULE PRIMARY,0,0,0,0,0,2026-10-01
3VS47271,i-SENSYS X C1333i,SHELL-BENDOR,76774,23158,0,0,0,2026-10-01
CNCRDPD60WB,DUMMY DEVICE FOR C-EXV 10,SIBANDA PETROLEUM AND HAZARDOUS WASTE SER,0,0,0,0,0,2026-10-01
E82267C6N608710,DUMMY DEVICE FOR C-EXV 10,SITHOLE RHISUNA ATT,0,0,0,0,0,2026-10-01
4MM34107,iR-ADV DX C3926i,SKONYE TRADING ENTERPRISE PTY LTD,12607,13927,0,0,2,2026-10-01
4CM13606,iR-ADV DX C3822i,SMV CIVIL ENGINEERS,127904,260886,0,2,13,2026-10-01
4UX28329,i-SENSYS X 1440i,STRONG TOWER BIBLE CHURCH,14454,0,0,0,0,2026-10-01
2TU08592,iR 1643i,TAU HARDWARE,53504,0,0,0,0,2026-05-05
2TU08401,iR 1643i,TAU HARDWARE,98518,0,0,0,0,2026-10-01
35D23531,iR 1643iF II,TAU HARDWARE,39749,0,0,0,0,2026-10-01
23A15151,iR-ADV DX 527i,TEKO PRIVATE TESTING STATION,251048,0,0,0,6,2026-10-01
WVV09477,iR C3025i,TFD POLOKWANE BROKERS,29732,1661,0,0,3,2026-10-01
34X16700,iR 1643i II,THEO GOOSEN ESTATE AGENCY & AUCTIONEERS,93991,0,0,0,0,2026-10-01
CNB1N6JODZ,DUMMY DEVICE FOR C-EXV 10,THORISHO MAKGATI ATTORNEYS,0,0,0,0,0,2026-10-01
4CM04139,iR-ADV DX C3822i,THUNDERFLEX 3 PTY LTD,284093,6545,0,0,10,2026-10-01
3VR34255,i-SENSYS X C1333iF,THUNDERFLEX 3 PTY LTD,3068,679,0,0,0,2026-10-01
2UF21692,iR-ADV DX C357i,TSHIKOVHI INC ATTORNEYS,216331,42810,0,0,8,2026-10-01
2YM61825,iR-ADV DX C5840i,TSHIKOVHI INC ATTORNEYS,63157,25331,0,0,2,2026-10-01
CZBBSCW0QV,DUMMY DEVICE FOR C-EXV 10,TSOTETSI PROJECTS AND LOGISTICS,0,0,0,0,0,2026-10-01
CNB1Q6G279,DUMMY DEVICE FOR C-EXV 10,TV MUDZULI T/A MUDZULI ATT,0,0,0,0,0,2026-10-01
4HX41316,iR-ADV DX C259i,TWIN BROTHERS HOLDINGS PTY LTD,3549,13089,0,0,1,2026-02-03
2WG00621,iR-ADV 615i III,TYSHOGYN PTY LTD,152234,0,0,0,4,2026-10-01
22E30771,iR-ADV DX C3725i,UNICARE,348404,111319,0,8,9,2026-10-01
2HD01484,iR-ADV C475i III,VERVEEN ATTORNEYS,268503,168561,0,0,18,2026-06-19
2TT15271,iR 1643iF,VISION VICTORIOUS ENTERPRISE PTY LTD,49767,0,0,0,0,2026-10-01
4UX06711,i-SENSYS X 1440i,VISION VICTORIOUS ENTERPRISE PTY LTD,4174,0,0,0,0,2026-10-01
2ER55206,iR-ADV DX C257i,VISION VICTORIOUS ENTERPRISE PTY LTD,48104,1507,0,0,2,2026-10-01
3VR44775,i-SENSYS X C1333iF,VOTION STUDIO PTY LTD,13678,3853,0,0,0,2026-10-01
2ER22415,iR-ADV DX C257i,VSA LEBOA CONSULTING (PTY)LTD,9001,9794,0,0,2,2026-10-01
35D28099,iR 1643iF II,VYNA TARPAULINS BK H/A ALL SEASONS FUNCT,9461,0,0,0,0,2026-10-01
2YM56946,iR-ADV DX C5840i,WORKSAFE T/A FISHOF 1463,76841,97410,0,0,6,2026-10-01
23A15127,iR-ADV DX 527i,XTRAPARTS MATERIAL HANDLING SOLUTIONS,164785,0,0,0,4,2026-10-01
35D30073,iR 1643iF II,XTRAPARTS MATERIAL HANDLING SOLUTIONS,13,0,0,0,0,2026-05-19
5DG05333,imageFORCE C3150,XTRAPARTS MATERIAL HANDLING SOLUTIONS,0,0,0,0,0,2026-10-01
3EB04891,iR C1538iF,YASEEN GANI T/A YASEEN GANI FINANCIAL ADV,54186,10618,0,0,7,2026-10-01
